Standardized_name	Strain_Name_4SRA	hyg_sensitive	G418_sensitive	Mating
AAR	CLIB382_1b	TRUE	FALSE	b
AAT	YJM280_b	TRUE	FALSE	b
ABB	YJM413_b	TRUE	FALSE	a
ABC	YJM421_b	TRUE	FALSE	b
ABF	YJM436_1b	TRUE	FALSE	b
ABG	YJM440_1b	TRUE	FALSE	b
ABH	YJM454_1b	TRUE	FALSE	b
ABI	YJM653_1b	TRUE	FALSE	b
ABK	YJM678_1b	TRUE	FALSE	b
ABL	CBS2888_1b	FALSE	FALSE	b
ABM	CBS3093_1b	TRUE	FALSE	b
ABP	CECT10109_1b	TRUE	FALSE	b
ABQ	DBVPG1788_1b	TRUE	FALSE	a
ABR	DBVPG1794_1b	TRUE	FALSE	a
ABS	DBVPG3591_1b	TRUE	FALSE	b
ABT	DBVPG4651_1b	TRUE	FALSE	b
ACB	TL229S2.2	TRUE	TRUE	b
ACC	YPS1000_1b	TRUE	FALSE	b
ACD	YPS163_1b	TRUE	FALSE	b
ACF	CLIB294_1b	TRUE	TRUE	b
ACG	CLIB413_1b	TRUE	FALSE	b
ACH	CLIB483_1b	TRUE	FALSE	b
ACK	Y12_1b	TRUE	FALSE	b
ACL	Y3_1b	TRUE	TRUE	b
ACM	Y9_4	TRUE	TRUE	b
ACP	CLIB154_1b	TRUE	FALSE	diploid
ACQ	CLIB219_2b	TRUE	FALSE	b
ACR	DBVPG1339_1b	TRUE	FALSE	b
ACS	I14_1b	TRUE	FALSE	b
ACT	UC8_1b	TRUE	FALSE	b
ACV	WE372_1b	TRUE	FALSE	b
ADA	Y55_1b	TRUE	FALSE	b
ADC	UC1_1b	TRUE	FALSE	a
ADD	IL_01_b	TRUE	FALSE	b
ADE	PW5_b	TRUE	FALSE	a
ADF	YPS1009_b	TRUE	FALSE	b
ADG	NC_02_b	TRUE	FALSE	b
ADH	T7_b	TRUE	FALSE	diploid
ADI	YJM981_b	TRUE	TRUE	b
ADN	K1_1	TRUE	TRUE	a
ADQ	K12_2	TRUE	TRUE	NA
ADR	M22_1b	TRUE	FALSE	b
ADT	CBS7765	TRUE	TRUE	b
ADV	CBS7903	TRUE	TRUE	b
AEA	CBS7958	TRUE	TRUE	b
AEF	CBS6414	TRUE	TRUE	b
AEG	CBS7962	TRUE	TRUE	a
AEH	CBS7964	TRUE	FALSE	a
AEI	CBS1428	TRUE	TRUE	a
AAE	CBS2806a	TRUE	TRUE	diploid
AEM	CBS2973	TRUE	TRUE	b
AEQ	CBS1782	TRUE	TRUE	b
AER	CBS2970	TRUE	TRUE	a
AES	CBS4054	TRUE	TRUE	diploid
AFB	CBS7371	TRUE	TRUE	a
AFD	CBS7960	TRUE	TRUE	a
AFF	CBS1252	TRUE	TRUE	a
AFG	CBS1387	TRUE	TRUE	a
AFH	CBS1509	TRUE	TRUE	a
AFM	CBS6412	TRUE	TRUE	b
AFN	CBS6413	TRUE	TRUE	a
AFQ	CBS7993	TRUE	TRUE	a
AFR	CBS7959	TRUE	TRUE	a
AGC	CBS2444	TRUE	TRUE	b
AGF	CBS1479	FALSE	TRUE	a
AGK	CBS2361	TRUE	TRUE	diploid
AGM	CBS7961	FALSE	TRUE	a
AGN	CBS439	FALSE	TRUE	a
AGP	CBS1544	TRUE	TRUE	a
AGR	CBS1594	FALSE	TRUE	a
AGS	CBS3013	FALSE	TRUE	a
AGT	CBS3078	FALSE	TRUE	a
AGV	CBS6223	FALSE	TRUE	a
AHA	CBS6333	FALSE	TRUE	a
AHB	CBS4734	FALSE	TRUE	a
AHC	CBS7963	FALSE	TRUE	a
AAG	CBS428a	TRUE	FALSE	a
AHD	CBS1192	FALSE	TRUE	a
AHE	CBS1194	FALSE	FALSE	b
AHF	CBS1540	FALSE	TRUE	a
AHG	CBS1586	FALSE	FALSE	a
AHH	CBS3000	FALSE	TRUE	a
AHI	CBS6914	FALSE	TRUE	a
AHK	CBS2247	FALSE	FALSE	a
AHL	CBS3081	FALSE	FALSE	a
AHM	CBS3093	FALSE	TRUE	a
AAK	CBS4093a	FALSE	TRUE	a
AHN	CBS5635	FALSE	TRUE	diploid
AHQ	CBS440	FALSE	TRUE	a
AHR	CBS1227	TRUE	TRUE	a
AHS	CBS1419	TRUE	TRUE	diploid
AHT	CBS1460	FALSE	TRUE	a
AHV	CBS1487	FALSE	TRUE	a
AIA	CBS2180	FALSE	FALSE	a
AIB	CBS2805	TRUE	FALSE	b
AIE	CBS2910	FALSE	TRUE	a
BCN	HE015	TRUE	TRUE	a
BIQ	DBVPG1126	TRUE	TRUE	NA
CDA	S8BM-32-4D(a)	TRUE	TRUE	NA
CDK	CCY_21-4-93:6B	TRUE	TRUE	a
CEA	DBVPG1617-5A	TRUE	TRUE	a
CEB	DBVPG1619-4B	TRUE	FALSE	NA
CEM	CCY_21-4-89:7-3	TRUE	TRUE	a
CEV	IFO_0289:4-3(b)	TRUE	FALSE	b
BRL	DBVPG6350	TRUE	TRUE	b
BRM	DBVPG6590	TRUE	TRUE	b
CBK	1	TRUE	TRUE	NA
CLQ	UC5	TRUE	TRUE	a